sku_id,category,elasticity_score,current_price,recommended_price,discount_pct,projected_units_sold,projected_revenue,projected_margin_lift_pct,urgency_flag
237347060,Hoodie,-1.3315,45.2,27.12,40.0,110,2983.2,35.24,MONITOR
249136019,Trousers,-1.1068,34.2,20.52,40.0,103,2113.56,25.16,HOLD
256096022,T-shirt,-1.5948,19.57,11.74,40.0,225,2641.5,80.97,HOLD
265069021,T-shirt,-1.641,20.72,12.43,40.0,173,2150.39,82.91,HOLD
306307076,T-shirt,-1.6003,20.58,12.35,40.0,167,2062.45,79.29,HOLD
326885022,Trousers,-1.1158,38.28,22.97,40.0,182,4180.54,24.49,HOLD
354246014,T-shirt,-1.595,17.05,10.23,40.0,178,1820.94,88.05,HOLD
357130017,T-shirt,-1.6146,19.25,11.55,40.0,168,1940.4,83.39,HOLD
364297029,Trousers,-1.0824,32.13,19.87,38.2,84,1669.08,24.81,MONITOR
381187001,T-shirt,-1.6055,20.11,12.07,40.0,129,1557.03,80.85,HOLD
382127019,Hoodie,-1.293,52.02,31.21,40.0,135,4213.35,30.54,HOLD
399087054,Trousers,-1.1206,34.69,20.81,40.0,189,3933.09,26.33,HOLD
399223025,Trousers,-1.0495,39.05,24.15,38.2,86,2076.9,19.22,IMMEDIATE
403844007,Trousers,-1.1068,34.55,20.73,40.0,100,2073.0,25.57,HOLD
404383012,Hoodie,-1.2773,45.84,27.5,40.0,138,3795.0,31.71,HOLD
411758014,Trousers,-1.103,35.2,21.12,40.0,77,1626.24,24.89,HOLD
416511021,Trousers,-1.1011,34.53,20.72,40.0,82,1699.04,24.9,HOLD
433444016,T-shirt,-1.6593,17.69,10.61,40.0,121,1283.81,92.18,IMMEDIATE
443696005,Hoodie,-1.3242,48.71,29.23,40.0,155,4530.65,33.85,HOLD
445419011,T-shirt,-1.6068,19.82,11.89,40.0,75,891.75,82.21,HOLD
448509017,Trousers,-1.1082,40.9,24.54,40.0,114,2797.56,22.38,HOLD
449263028,T-shirt,-1.618,16.27,9.76,40.0,304,2967.04,93.31,HOLD
449897040,Trousers,-1.1061,38.39,23.03,40.0,139,3201.17,23.88,HOLD
456163013,Hoodie,-1.3083,50.79,30.47,40.0,78,2376.66,32.34,HOLD
456163022,Hoodie,-1.3033,43.58,26.15,40.0,180,4707.0,33.9,HOLD
456163053,Hoodie,-1.2785,47.57,28.54,40.0,103,2939.62,30.48,IMMEDIATE
464363016,T-shirt,-1.6097,17.1,10.26,40.0,223,2287.98,89.76,HOLD
466948004,T-shirt,-1.5826,16.22,9.73,40.0,280,2724.4,89.61,HOLD
478818001,Trousers,-1.0956,41.39,24.83,40.0,77,1911.91,21.9,HOLD
483749007,Hoodie,-1.2959,48.73,29.24,40.0,94,2748.56,30.86,HOLD
490793031,T-shirt,-1.6052,20.58,12.35,40.0,174,2148.9,79.53,HOLD
491913001,Trousers,-1.0767,38.46,23.08,40.0,86,1984.88,21.11,HOLD
493814044,Hoodie,-1.3529,49.29,29.57,40.0,89,2631.73,34.7,IMMEDIATE
497642006,Hoodie,-1.302,48.77,29.26,40.0,91,2662.66,32.04,HOLD
498738015,Trousers,-1.1236,35.23,21.14,40.0,60,1268.4,25.93,MONITOR
501117005,Trousers,-1.1316,37.86,22.72,40.0,144,3271.68,25.47,HOLD
503569013,T-shirt,-1.6166,20.61,12.37,40.0,162,2003.94,81.23,HOLD
506166016,T-shirt,-1.6186,18.17,10.9,40.0,226,2463.4,87.2,HOLD
506166046,T-shirt,-1.6162,16.56,9.94,40.0,98,974.12,91.85,MONITOR
508932003,Hoodie,-1.303,43.53,26.12,40.0,196,5119.52,34.28,HOLD
508932044,Hoodie,-1.3122,43.14,25.88,40.0,217,5615.96,35.41,HOLD
508933015,Hoodie,-1.3096,43.83,26.3,40.0,165,4339.5,34.19,HOLD
508933016,Hoodie,-1.3103,46.16,27.7,40.0,115,3185.5,33.86,HOLD
508933036,Hoodie,-1.3061,47.3,28.38,40.0,153,4342.14,32.58,HOLD
509893020,Hoodie,-1.2916,50.98,30.59,40.0,127,3884.93,30.56,HOLD
509994017,Hoodie,-1.314,49.25,29.55,40.0,164,4846.2,33.0,HOLD
510398018,Hoodie,-1.3321,41.55,24.93,40.0,163,4063.59,36.74,HOLD
511817001,T-shirt,-1.6173,17.37,10.42,40.0,194,2021.48,89.47,HOLD
512554002,Hoodie,-1.3117,50.71,30.43,40.0,140,4260.2,32.02,HOLD
513699034,T-shirt,-1.5686,16.35,9.81,40.0,133,1304.73,87.23,HOLD
514810001,T-shirt,-1.5998,19.28,11.57,40.0,210,2429.7,82.36,HOLD
515927006,T-shirt,-1.6302,16.24,9.74,40.0,211,2055.14,94.04,HOLD
516000095,T-shirt,-1.6066,18.19,10.91,40.0,179,1952.89,85.73,HOLD
518595001,Hoodie,-1.4195,47.68,28.61,40.0,74,2117.14,40.59,HOLD
520590002,Hoodie,-1.3165,45.71,27.43,40.0,172,4717.96,34.39,HOLD
520628004,Trousers,-1.1006,37.93,22.76,40.0,89,2025.64,23.12,HOLD
525500033,Trousers,-1.1008,38.65,23.19,40.0,114,2643.66,23.38,HOLD
526250009,Hoodie,-1.4046,42.76,25.66,40.0,79,2027.14,40.51,MONITOR
526858004,Hoodie,-1.3329,46.65,27.99,40.0,138,3862.62,35.19,IMMEDIATE
528199003,T-shirt,-1.6038,19.24,11.54,40.0,108,1246.32,81.73,HOLD
533404010,Hoodie,-1.3616,48.2,28.92,40.0,94,2718.48,36.6,IMMEDIATE
533404021,Hoodie,-1.3001,48.54,29.12,40.0,186,5416.32,32.2,HOLD
533404030,Hoodie,-1.3045,42.9,25.74,40.0,105,2702.7,34.8,MONITOR
534357002,Trousers,-1.1156,35.03,21.02,40.0,148,3110.96,25.84,HOLD
538946002,Hoodie,-1.3254,40.69,24.41,40.0,151,3685.91,36.92,HOLD
539060022,Hoodie,-1.3055,49.22,29.53,40.0,146,4311.38,32.61,HOLD
540241002,Trousers,-1.1361,38.09,22.85,40.0,89,2033.65,25.47,IMMEDIATE
540334015,Trousers,-1.0791,32.09,19.25,40.0,140,2695.0,25.23,HOLD
541308010,Hoodie,-1.3314,48.68,29.21,40.0,75,2190.75,34.65,HOLD
541308025,Hoodie,-1.3226,47.51,28.51,40.0,176,5017.76,33.81,HOLD
541308026,Hoodie,-1.3154,40.73,24.44,40.0,119,2908.36,36.22,IMMEDIATE
541491007,T-shirt,-1.6035,16.78,10.07,40.0,99,996.93,88.66,HOLD
542551002,Hoodie,-1.305,46.16,27.7,40.0,198,5484.6,33.31,HOLD
543133003,Trousers,-1.1122,38.82,23.29,40.0,130,3027.7,23.5,HOLD
543862006,Hoodie,-1.3033,40.66,24.4,40.0,235,5734.0,35.65,HOLD
544290007,T-shirt,-1.6246,19.55,11.73,40.0,210,2463.3,83.66,HOLD
545449032,Hoodie,-1.3051,43.51,26.11,40.0,229,5979.19,34.3,HOLD
546389002,Trousers,-1.0878,39.78,23.87,40.0,113,2697.31,21.8,HOLD
547777011,Hoodie,-1.2983,52.39,31.43,40.0,163,5123.09,31.23,HOLD
547780004,Trousers,-1.1218,37.58,22.55,40.0,131,2954.05,25.07,HOLD
548546005,Hoodie,-1.3484,46.97,28.18,40.0,93,2620.74,35.57,IMMEDIATE
549253007,Trousers,-1.1269,40.78,24.47,40.0,113,2765.11,23.26,HOLD
550888009,Trousers,-1.122,32.4,19.44,40.0,140,2721.6,28.21,HOLD
551045017,Hoodie,-1.3151,45.62,27.37,40.0,107,2928.59,33.78,MONITOR
551045036,Hoodie,-1.3077,41.22,24.73,40.0,167,4129.91,35.35,HOLD
551045044,Hoodie,-1.2871,50.66,30.4,40.0,165,5016.0,30.28,HOLD
551045045,Hoodie,-1.3296,44.98,26.99,40.0,207,5586.93,35.83,HOLD
551045069,Hoodie,-1.2669,47.63,28.58,40.0,192,5487.36,30.03,HOLD
552541001,Trousers,-1.1506,33.15,19.89,40.0,106,2108.34,29.48,MONITOR
552852034,T-shirt,-1.6295,18.82,11.29,40.0,232,2619.28,86.62,HOLD
553904006,T-shirt,-1.6788,16.8,10.08,40.0,136,1370.88,96.52,HOLD
554541003,Trousers,-1.1402,36.09,21.65,40.0,130,2814.5,26.57,HOLD
554598087,T-shirt,-1.6231,17.79,10.67,40.0,190,2027.3,88.77,HOLD
554772015,T-shirt,-1.6445,18.17,10.9,40.0,85,926.5,88.39,MONITOR
554772041,T-shirt,-1.6118,20.91,12.55,40.0,111,1393.05,79.3,HOLD
555099002,Trousers,-1.1156,40.63,24.38,40.0,125,3047.5,22.98,HOLD
555990005,Hoodie,-1.3262,44.55,26.73,40.0,198,5292.54,35.23,HOLD
557246003,Hoodie,-1.2968,51.26,30.76,40.0,153,4706.28,31.33,HOLD
557248002,Hoodie,-1.3014,48.87,29.32,40.0,174,5101.68,31.82,HOLD
557248023,Hoodie,-1.302,44.3,26.58,40.0,165,4385.7,34.0,HOLD
558514012,Trousers,-1.1103,32.16,19.3,40.0,170,3281.0,26.97,HOLD
561445018,T-shirt,-1.6163,19.59,11.75,40.0,164,1927.0,83.13,HOLD
562245098,Trousers,-1.1549,36.92,22.15,40.0,97,2148.55,27.23,HOLD
562256004,Trousers,-1.1433,41.98,25.19,40.0,98,2468.62,23.9,HOLD
562702001,T-shirt,-1.6443,18.01,10.81,40.0,141,1524.21,90.08,HOLD
564043001,T-shirt,-1.6246,16.17,9.7,40.0,121,1173.7,93.43,HOLD
564065007,Hoodie,-1.3478,51.41,30.85,40.0,59,1820.15,33.32,HOLD
564541001,Trousers,-1.1385,32.72,19.63,40.0,84,1648.92,29.07,HOLD
564999001,Trousers,-1.1475,41.62,24.97,40.0,59,1473.23,24.45,HOLD
567047001,Hoodie,-1.3459,41.73,25.04,40.0,95,2378.8,37.73,HOLD
568597018,Trousers,-1.1029,32.52,19.51,40.0,212,4136.12,26.66,HOLD
569406004,T-shirt,-1.587,17.13,10.28,40.0,220,2261.6,87.14,HOLD
569973004,Hoodie,-1.3382,41.85,25.11,40.0,91,2285.01,37.6,HOLD
569974004,Hoodie,-1.2983,46.84,28.1,40.0,130,3653.0,32.97,MONITOR
569974020,Hoodie,-1.3002,45.86,27.52,40.0,149,4100.48,33.0,HOLD
569978016,Trousers,-1.0678,40.85,24.51,40.0,119,2916.69,20.37,HOLD
570002073,T-shirt,-1.6517,20.97,12.58,40.0,90,1132.2,82.46,HOLD
570002097,T-shirt,-1.656,20.27,12.16,40.0,111,1349.76,84.36,HOLD
570003040,T-shirt,-1.6062,16.42,9.85,40.0,231,2275.35,91.02,HOLD
572207021,Hoodie,-1.271,51.59,30.95,40.0,78,2414.1,28.88,HOLD
572262002,T-shirt,-1.572,18.69,11.21,40.0,232,2600.72,81.54,HOLD
572400003,Hoodie,-1.2843,48.67,29.2,40.0,69,2014.8,30.74,MONITOR
572402003,Hoodie,-1.3462,49.49,29.69,40.0,101,2998.69,34.81,MONITOR
572533002,Hoodie,-1.331,49.11,29.47,40.0,148,4361.56,34.49,HOLD
572796014,T-shirt,-1.5691,18.28,10.97,40.0,236,2588.92,82.33,HOLD
573097001,Trousers,-1.0989,39.09,23.45,40.0,71,1664.95,21.6,MONITOR
573152031,T-shirt,-1.5756,20.76,12.46,40.0,89,1108.94,76.41,MONITOR
573420001,Hoodie,-1.2318,43.96,26.38,40.0,76,2004.88,28.1,HOLD
573716005,Trousers,-1.1157,36.16,21.7,40.0,143,3103.1,25.47,HOLD
573716072,Trousers,-1.0928,38.37,23.02,40.0,152,3499.04,23.03,HOLD
575156013,T-shirt,-1.598,19.61,11.77,40.0,203,2389.31,81.39,HOLD
575522005,Trousers,-1.0948,40.45,24.27,40.0,52,1262.04,21.14,HOLD
575524001,Trousers,-1.1402,32.48,19.49,40.0,73,1422.77,28.77,IMMEDIATE
575533011,T-shirt,-1.6265,20.01,12.01,40.0,103,1237.03,83.13,HOLD
577686001,Trousers,-1.1267,41.66,25.0,40.0,110,2750.0,23.5,IMMEDIATE
578553004,Trousers,-1.1139,39.23,23.54,40.0,97,2283.38,23.81,HOLD
578590002,Trousers,-1.101,32.24,19.34,40.0,168,3249.12,26.69,HOLD
578630014,T-shirt,-1.594,20.15,12.09,40.0,185,2236.65,80.15,HOLD
579121005,T-shirt,-1.6401,16.06,9.64,40.0,120,1156.8,96.0,MONITOR
580891001,Hoodie,-1.3577,48.49,29.09,40.0,62,1803.58,36.48,HOLD
581113003,Trousers,-1.0877,39.97,23.98,40.0,146,3501.08,21.67,HOLD
581452003,T-shirt,-1.615,16.62,9.97,40.0,280,2791.6,91.35,HOLD
581831009,Hoodie,-1.3382,47.09,28.25,40.0,103,2909.75,35.65,HOLD
582340002,T-shirt,-1.5929,20.19,12.11,40.0,178,2155.58,79.78,HOLD
582340004,T-shirt,-1.6188,17.14,10.28,40.0,100,1028.0,89.35,HOLD
583486001,T-shirt,-1.6718,18.6,11.16,40.0,143,1595.88,91.07,HOLD
583534004,Trousers,-1.1061,32.32,19.39,40.0,95,1842.05,27.32,MONITOR
584973001,T-shirt,-1.6065,16.34,9.8,40.0,193,1891.4,91.76,HOLD
586240003,Hoodie,-1.3343,50.07,30.04,40.0,88,2643.52,32.95,HOLD
586500001,T-shirt,-1.6442,20.24,12.14,40.0,148,1796.72,84.41,HOLD
586518006,Trousers,-1.1818,33.08,19.85,40.0,148,2937.8,31.73,HOLD
586775002,Trousers,-1.0944,33.37,20.02,40.0,97,1941.94,24.68,IMMEDIATE
588008001,Hoodie,-1.2802,51.04,30.62,40.0,134,4103.08,29.84,HOLD
588705003,T-shirt,-1.6401,17.63,10.58,40.0,161,1703.38,90.21,MONITOR
589256006,Trousers,-1.0674,36.02,21.61,40.0,112,2420.32,22.51,MONITOR
590184005,T-shirt,-1.5579,19.99,11.99,40.0,164,1966.36,77.28,HOLD
590227001,Trousers,-1.0861,35.49,21.29,40.0,104,2214.16,23.52,HOLD
590375001,T-shirt,-1.6276,19.5,11.7,40.0,172,2012.4,84.64,HOLD
590951010,T-shirt,-1.5642,18.5,11.1,40.0,97,1076.7,79.94,HOLD
591675003,Hoodie,-1.291,41.7,25.02,40.0,162,4053.24,34.21,HOLD
591677005,Trousers,-1.105,39.73,23.84,40.0,145,3456.8,22.42,HOLD
592837001,T-shirt,-1.6192,20.31,12.19,40.0,169,2060.11,82.05,HOLD
593316001,Trousers,-1.1064,39.66,23.8,40.0,131,3117.8,22.43,HOLD
594121002,Hoodie,-1.3086,41.61,24.97,40.0,142,3545.74,35.43,MONITOR
594177004,Trousers,-1.1577,37.67,22.6,40.0,149,3367.4,26.76,HOLD
594542004,Hoodie,-1.314,45.94,27.56,40.0,178,4905.68,34.38,HOLD
594542022,Hoodie,-1.2832,40.76,24.46,40.0,136,3326.56,33.75,MONITOR
594581029,T-shirt,-1.6171,18.38,11.03,40.0,230,2536.9,86.22,HOLD
596329003,T-shirt,-1.5851,17.1,10.26,40.0,280,2872.8,86.8,HOLD
596428002,T-shirt,-1.5234,18.45,11.07,40.0,141,1560.87,77.18,MONITOR
596956002,T-shirt,-1.68,20.37,12.22,40.0,99,1209.78,87.69,HOLD
598806012,T-shirt,-1.6098,17.05,10.23,40.0,186,1902.78,89.31,HOLD
599218001,Trousers,-1.1345,37.55,22.53,40.0,137,3086.61,25.71,HOLD
601876002,Hoodie,-1.3412,51.54,30.92,40.0,150,4638.0,33.72,HOLD
604847004,T-shirt,-1.5957,20.05,12.03,40.0,137,1648.11,79.56,IMMEDIATE
607347010,T-shirt,-1.6053,16.1,9.66,40.0,313,3023.58,92.44,HOLD
608338002,Trousers,-1.1012,35.24,21.14,40.0,114,2409.96,25.12,IMMEDIATE
609181002,Hoodie,-1.3058,45.2,27.12,40.0,124,3362.88,33.4,HOLD
610776006,T-shirt,-1.5747,20.69,12.41,40.0,102,1265.82,75.87,MONITOR
610822020,T-shirt,-1.6075,19.57,11.74,40.0,179,2101.46,82.24,HOLD
611134001,Trousers,-1.0998,39.13,23.48,40.0,92,2160.16,21.9,MONITOR
611503032,T-shirt,-1.5779,17.6,10.56,40.0,129,1362.24,84.0,HOLD
611644001,Trousers,-1.1468,40.41,24.99,38.2,52,1299.48,24.35,HOLD
613051004,Hoodie,-1.2307,47.38,28.43,40.0,71,2018.53,27.89,HOLD
615021002,T-shirt,-1.6309,18.29,10.97,40.0,89,976.33,86.78,HOLD
615280005,Trousers,-1.0868,36.84,22.1,40.0,139,3071.9,23.1,HOLD
615808001,T-shirt,-1.6137,16.21,9.73,40.0,116,1128.68,92.65,HOLD
615970002,Trousers,-1.131,41.42,24.85,40.0,114,2832.9,24.07,HOLD
616418001,Hoodie,-1.3186,48.87,29.32,40.0,100,2932.0,33.69,HOLD
617289002,Trousers,-1.1137,35.93,21.56,40.0,196,4225.76,25.61,HOLD
618331008,Hoodie,-1.29,48.39,29.03,40.0,106,3077.18,31.55,HOLD
619561002,T-shirt,-1.6177,16.97,10.18,40.0,116,1180.88,90.06,HOLD
619561010,T-shirt,-1.6424,20.69,12.41,40.0,129,1600.89,82.7,HOLD
620424053,T-shirt,-1.6116,20.7,12.42,40.0,68,844.56,79.8,HOLD
621522001,T-shirt,-1.605,20.96,12.58,40.0,154,1937.32,79.15,HOLD
621522026,T-shirt,-1.598,19.88,11.93,40.0,115,1371.95,80.69,IMMEDIATE
622878002,Hoodie,-1.318,41.66,25.0,40.0,188,4700.0,36.32,HOLD
622878011,Hoodie,-1.279,49.79,29.87,40.0,65,1941.55,30.05,IMMEDIATE
622878018,Hoodie,-1.2713,48.77,29.26,40.0,189,5530.14,30.2,HOLD
622879003,Trousers,-1.1443,36.7,22.02,40.0,120,2642.4,26.98,HOLD
623282003,Trousers,-1.1321,41.56,24.94,40.0,96,2394.24,23.79,HOLD
623282005,Trousers,-1.1481,37.61,22.57,40.0,71,1602.47,25.4,HOLD
623330001,T-shirt,-1.6261,18.69,11.21,40.0,211,2365.31,86.64,HOLD
623397005,Trousers,-1.1178,39.95,23.97,40.0,169,4050.93,23.25,HOLD
623784006,T-shirt,-1.5805,18.47,11.08,40.0,121,1340.68,82.95,HOLD
624299001,Hoodie,-1.3489,50.09,30.05,40.0,125,3756.25,34.88,HOLD
624486091,T-shirt,-1.6318,18.54,11.12,40.0,87,967.44,86.71,HOLD
624692004,Trousers,-1.0859,36.03,21.62,40.0,78,1686.36,23.25,MONITOR
625653017,Hoodie,-1.3202,52.28,31.37,40.0,54,1693.98,30.48,MONITOR
625653022,Hoodie,-1.2798,45.76,27.46,40.0,82,2251.72,31.1,HOLD
625939035,T-shirt,-1.6067,18.23,10.94,40.0,93,1017.42,85.89,HOLD
626257005,T-shirt,-1.6144,19.83,11.9,40.0,202,2403.8,81.99,HOLD
626257007,T-shirt,-1.5724,20.29,12.17,40.0,87,1058.79,77.78,HOLD
627067003,T-shirt,-1.582,19.51,11.71,40.0,76,889.96,79.99,IMMEDIATE
628331005,T-shirt,-1.6229,18.68,11.21,40.0,247,2768.87,86.22,HOLD
628568001,Hoodie,-1.315,48.06,28.84,40.0,199,5739.16,33.31,HOLD
630326001,T-shirt,-1.603,16.25,9.75,40.0,131,1277.25,91.11,HOLD
630777017,T-shirt,-1.5857,17.79,10.67,40.0,173,1845.91,85.27,HOLD
631774003,Trousers,-1.082,36.12,21.67,40.0,177,3835.59,23.33,HOLD
632548001,Hoodie,-1.3726,49.59,29.75,40.0,145,4313.75,37.06,HOLD
633131002,Hoodie,-1.3242,47.2,28.32,40.0,102,2888.64,34.32,IMMEDIATE
633162020,T-shirt,-1.6425,17.86,10.72,40.0,106,1136.32,89.92,HOLD
633785014,Trousers,-1.1395,35.85,21.51,40.0,87,1871.37,26.34,HOLD
634706003,T-shirt,-1.6016,19.07,11.44,40.0,106,1212.64,82.6,HOLD
635554001,Trousers,-1.0979,33.81,20.29,40.0,140,2840.6,25.72,HOLD
636586003,Trousers,-1.0837,33.58,20.15,40.0,67,1350.05,23.55,HOLD
637223003,T-shirt,-1.6091,19.27,11.56,40.0,138,1595.28,82.67,HOLD
637352004,Hoodie,-1.2952,41.88,25.13,40.0,195,4900.35,34.29,HOLD
637352005,Hoodie,-1.3031,43.6,26.16,40.0,159,4159.44,34.13,HOLD
638355009,Hoodie,-1.3362,50.68,30.41,40.0,164,4987.24,34.16,HOLD
639208003,Trousers,-1.1476,39.5,23.7,40.0,82,1943.4,25.01,MONITOR
640662007,Trousers,-1.1058,32.64,19.58,40.0,170,3328.6,26.61,HOLD
640807003,Hoodie,-1.2983,50.18,30.11,40.0,141,4245.51,31.29,HOLD
640882001,T-shirt,-1.6669,16.97,10.18,40.0,164,1669.52,95.77,MONITOR
641550002,T-shirt,-1.6028,16.69,10.01,40.0,201,2012.01,89.58,HOLD
643974005,Trousers,-1.0733,32.95,19.77,40.0,100,1977.0,24.38,HOLD
645611001,Trousers,-1.1455,36.04,21.62,40.0,109,2356.58,27.03,HOLD
646779002,Hoodie,-1.312,50.74,30.44,40.0,140,4261.6,31.98,HOLD
647684009,T-shirt,-1.5955,20.71,12.43,40.0,180,2237.4,78.5,HOLD
647684011,T-shirt,-1.6199,20.91,12.55,40.0,141,1769.55,80.0,IMMEDIATE
648414003,Hoodie,-1.2834,48.65,29.19,40.0,154,4495.26,31.33,HOLD
651285001,Hoodie,-1.2976,40.4,24.24,40.0,180,4363.2,35.29,HOLD
651346002,Hoodie,-1.2639,51.92,31.15,40.0,150,4672.5,28.54,HOLD
651456013,T-shirt,-1.6182,18.94,11.36,40.0,214,2431.04,84.63,HOLD
653275035,T-shirt,-1.6186,16.08,9.65,40.0,237,2287.05,93.45,HOLD
654380005,Hoodie,-1.3076,48.97,29.38,40.0,120,3525.6,31.93,IMMEDIATE
655769002,T-shirt,-1.5976,16.47,9.88,40.0,192,1896.96,90.36,MONITOR
656719009,Trousers,-1.0995,40.73,24.44,40.0,145,3543.8,21.98,HOLD
657116001,Hoodie,-1.2818,51.65,30.99,40.0,67,2076.33,29.68,MONITOR
657654002,Trousers,-1.1332,32.84,19.7,40.0,87,1713.9,28.14,HOLD
657661002,Trousers,-1.1145,36.05,21.63,40.0,182,3936.66,25.63,HOLD
657955005,Hoodie,-1.3122,51.38,30.83,40.0,175,5395.25,31.81,HOLD
658517001,T-shirt,-1.6147,16.45,9.87,40.0,289,2852.43,91.87,HOLD
658518001,T-shirt,-1.5696,20.65,12.39,40.0,122,1511.58,76.06,MONITOR
659408004,Hoodie,-1.3036,51.43,30.86,40.0,83,2561.38,30.83,MONITOR
663557002,Trousers,-1.1042,37.36,22.42,40.0,108,2421.36,23.19,HOLD
664020001,Trousers,-1.0738,33.4,20.04,40.0,199,3987.96,24.55,HOLD
665098001,Trousers,-1.0826,39.48,23.69,40.0,102,2416.38,21.25,HOLD
666606001,Trousers,-1.0923,39.89,23.93,40.0,146,3493.78,21.7,HOLD
669091007,Hoodie,-1.3596,50.25,30.15,40.0,108,3256.2,35.92,IMMEDIATE
669091022,Hoodie,-1.3708,50.23,30.14,40.0,64,1928.96,35.93,HOLD
669700001,Trousers,-1.1226,34.93,20.96,40.0,173,3626.08,26.14,HOLD
669714005,T-shirt,-1.6291,17.75,10.65,40.0,243,2587.95,89.21,HOLD
669974003,Hoodie,-1.3108,41.78,25.07,40.0,113,2832.91,35.56,MONITOR
670190001,Hoodie,-1.2897,51.7,31.02,40.0,175,5428.5,30.26,HOLD
670538002,T-shirt,-1.6543,20.57,12.34,40.0,109,1345.06,84.22,HOLD
671057004,T-shirt,-1.6099,16.75,10.05,40.0,291,2924.55,90.7,HOLD
671777022,T-shirt,-1.6013,20.4,12.24,40.0,106,1297.44,79.54,HOLD
671777030,T-shirt,-1.6137,19.75,11.85,40.0,218,2583.3,82.24,HOLD
671777034,T-shirt,-1.6132,19.58,11.75,40.0,95,1116.25,81.95,HOLD
671777042,T-shirt,-1.5998,17.89,10.73,40.0,260,2789.8,86.15,HOLD
672371001,Hoodie,-1.3366,51.51,30.91,40.0,112,3461.92,33.17,HOLD
672371002,Hoodie,-1.3055,48.13,28.88,40.0,62,1790.56,32.36,HOLD
672371004,Hoodie,-1.3353,41.59,24.95,40.0,150,3742.5,37.38,HOLD
674482002,Hoodie,-1.3203,51.65,30.99,40.0,68,2107.32,31.62,IMMEDIATE
674648001,Trousers,-1.1424,39.16,23.5,40.0,68,1598.0,25.67,HOLD
675456001,Hoodie,-1.3066,52.37,31.42,40.0,140,4398.8,31.51,HOLD
675856001,Hoodie,-1.3205,45.29,27.17,40.0,217,5895.89,34.55,HOLD
677589002,Hoodie,-1.3209,50.22,30.13,40.0,166,5001.58,32.72,HOLD
677589003,Hoodie,-1.2869,50.93,30.56,40.0,150,4584.0,30.5,HOLD
678342008,T-shirt,-1.5959,19.31,11.59,40.0,149,1726.91,82.27,HOLD
679232002,T-shirt,-1.5994,18.24,10.94,40.0,174,1903.56,85.09,HOLD
679236001,T-shirt,-1.6122,16.46,9.88,40.0,150,1482.0,91.65,IMMEDIATE
679525001,Hoodie,-1.3084,40.77,24.46,40.0,247,6041.62,35.76,HOLD
679948012,Trousers,-1.0165,39.92,23.95,40.0,57,1365.15,17.38,HOLD
681718001,Trousers,-1.0973,33.07,19.84,40.0,204,4047.36,25.69,HOLD
682290011,Hoodie,-1.3202,46.6,27.96,40.0,174,4865.04,34.08,HOLD
682291001,Hoodie,-1.2861,42.8,25.68,40.0,108,2773.44,33.74,HOLD
682550029,Hoodie,-1.3135,41.24,24.74,40.0,199,4923.26,35.96,HOLD
683356005,T-shirt,-1.6058,16.78,10.07,40.0,99,996.93,88.66,IMMEDIATE
684021010,T-shirt,-1.5938,19.42,11.65,40.0,88,1025.2,81.84,HOLD
684021027,T-shirt,-1.6253,20.87,12.52,40.0,167,2090.84,81.08,HOLD
684103001,Hoodie,-1.321,45.84,27.5,40.0,108,2970.0,34.94,MONITOR
684325001,Trousers,-1.1381,33.38,20.03,40.0,85,1702.55,27.48,HOLD
685647001,Trousers,-1.1141,36.67,22.0,40.0,157,3454.0,25.08,HOLD
685812005,Hoodie,-1.3056,44.86,26.92,40.0,188,5060.96,33.59,HOLD
685814011,Hoodie,-1.289,45.93,27.56,40.0,144,3968.64,31.93,HOLD
685814023,Hoodie,-1.3049,40.74,24.44,40.0,214,5230.16,35.81,HOLD
685815004,Trousers,-1.0938,37.86,22.72,40.0,82,1863.04,23.13,MONITOR
685816016,T-shirt,-1.6153,17.45,10.47,40.0,257,2690.79,88.59,HOLD
686268003,Hoodie,-1.3085,43.72,26.23,40.0,210,5508.3,34.45,HOLD
686270004,Hoodie,-1.2856,49.44,29.66,40.0,111,3292.26,30.3,MONITOR
686270005,Hoodie,-1.3419,40.1,24.06,40.0,168,4042.08,38.3,HOLD
687426001,T-shirt,-1.6147,16.36,9.82,40.0,275,2700.5,91.99,HOLD
688341002,T-shirt,-1.5718,18.58,11.15,40.0,84,936.6,80.24,MONITOR
688930002,Trousers,-1.1129,40.92,24.55,40.0,160,3928.0,22.67,HOLD
688933007,Trousers,-1.1019,32.05,19.23,40.0,214,4115.22,27.14,HOLD
689011012,Trousers,-1.0892,37.83,22.7,40.0,130,2951.0,22.34,HOLD
689011021,Trousers,-1.1289,33.65,20.19,40.0,113,2281.47,26.93,HOLD
689816005,T-shirt,-1.6404,20.12,12.07,40.0,221,2667.47,83.87,HOLD
690108004,Trousers,-1.1018,37.41,22.45,40.0,108,2424.6,23.16,IMMEDIATE
691579001,Trousers,-1.0967,32.2,19.32,40.0,92,1777.44,25.71,HOLD
691735008,T-shirt,-1.6123,19.64,11.78,40.0,218,2568.04,82.45,HOLD
691761002,T-shirt,-1.66,17.88,10.73,40.0,147,1577.31,92.23,HOLD
691793001,Hoodie,-1.3373,46.49,27.89,40.0,190,5299.1,35.76,HOLD
692398001,Trousers,-1.0778,38.92,23.35,40.0,107,2498.45,21.28,MONITOR
692842004,Trousers,-1.2269,38.19,22.91,40.0,67,1534.97,31.14,HOLD
694499001,Trousers,-1.0672,36.01,21.61,40.0,160,3457.6,22.36,HOLD
694515001,Trousers,-1.0553,40.85,24.51,40.0,128,3137.28,19.11,HOLD
695178004,Hoodie,-1.2867,45.89,27.53,40.0,212,5836.36,32.42,HOLD
695182004,Trousers,-1.1261,34.03,20.42,40.0,131,2675.02,27.03,MONITOR
695973001,Trousers,-1.1365,36.28,21.77,40.0,144,3134.88,26.28,HOLD
696209005,Trousers,-1.1643,37.34,22.4,40.0,114,2553.6,27.94,HOLD
696427004,Hoodie,-1.3001,41.1,24.66,40.0,143,3526.38,34.75,HOLD
697349008,T-shirt,-1.591,19.41,11.65,40.0,198,2306.7,81.41,HOLD
697495002,Trousers,-1.0891,39.83,23.9,40.0,134,3202.6,21.9,HOLD
697649001,Hoodie,-1.3126,40.38,24.23,40.0,78,1889.94,36.33,MONITOR
697814004,T-shirt,-1.6182,17.66,10.6,40.0,173,1833.8,88.19,HOLD
698578003,T-shirt,-1.6187,17.72,10.63,40.0,265,2816.95,88.61,HOLD
699755081,Hoodie,-1.3662,50.4,30.24,40.0,68,2056.32,35.87,MONITOR
699923016,T-shirt,-1.6661,19.24,11.54,40.0,152,1754.08,88.88,HOLD
699923107,T-shirt,-1.6299,16.38,9.83,40.0,211,2074.13,93.64,HOLD
699923109,T-shirt,-1.5947,20.11,12.07,40.0,207,2498.49,79.8,HOLD
700124001,Trousers,-1.0964,37.0,22.2,40.0,183,4062.6,23.41,HOLD
700906001,T-shirt,-1.612,16.74,10.04,40.0,289,2901.56,90.86,HOLD
700935001,Trousers,-1.111,34.95,20.97,40.0,95,1992.15,25.69,HOLD
700946005,Hoodie,-1.3038,48.41,29.05,40.0,175,5083.75,32.75,HOLD
701203001,Trousers,-1.1168,39.06,23.44,40.0,159,3726.96,24.11,HOLD
702757001,Hoodie,-1.2949,42.58,25.55,40.0,230,5876.5,34.13,HOLD
702758001,Hoodie,-1.24,51.63,30.98,40.0,77,2385.46,27.24,HOLD
702932014,T-shirt,-1.6076,16.53,9.92,40.0,254,2519.68,90.98,HOLD
703284014,T-shirt,-1.6048,20.2,12.12,40.0,68,824.16,80.88,IMMEDIATE
705518003,T-shirt,-1.5991,19.29,11.57,40.0,135,1561.95,81.61,HOLD
705561003,T-shirt,-1.6318,16.32,9.79,40.0,142,1390.18,93.53,HOLD
706016035,Trousers,-1.1163,39.3,23.58,40.0,114,2688.12,23.08,HOLD
706959001,Hoodie,-1.2447,48.27,28.96,40.0,67,1940.32,27.08,HOLD
707203004,Trousers,-1.0164,36.54,21.92,40.0,55,1205.6,18.23,HOLD
708300001,Hoodie,-1.3372,51.88,31.13,40.0,83,2583.79,33.82,IMMEDIATE
710426001,T-shirt,-1.5993,19.82,11.89,40.0,178,2116.42,80.64,HOLD
710876030,Trousers,-1.1517,34.54,20.72,40.0,93,1926.96,28.0,HOLD
710877001,Trousers,-1.0844,34.43,20.66,40.0,180,3718.8,23.96,HOLD
712476001,Trousers,-1.0795,41.67,25.0,40.0,85,2125.0,20.73,HOLD
712712007,T-shirt,-1.6087,20.4,12.24,40.0,213,2607.12,80.39,HOLD
712950002,Trousers,-1.1484,40.68,24.41,40.0,66,1611.06,24.58,HOLD
714340001,T-shirt,-1.5807,17.73,10.64,40.0,237,2521.68,84.62,HOLD
714807003,Trousers,-1.1289,41.09,24.65,40.0,99,2440.35,23.26,MONITOR
715427001,Trousers,-1.0805,37.93,22.76,40.0,76,1729.76,21.86,HOLD
715606003,Trousers,-1.0913,39.36,23.62,40.0,59,1393.58,21.77,HOLD
715624051,Hoodie,-1.3297,40.02,24.01,40.0,80,1920.8,36.57,HOLD
715624062,Hoodie,-1.2862,50.37,30.22,40.0,181,5469.82,30.82,HOLD
716258003,Hoodie,-1.4334,48.0,28.8,40.0,68,1958.4,40.81,HOLD
717477012,T-shirt,-1.6284,18.35,11.01,40.0,172,1893.72,87.59,HOLD
717995005,Hoodie,-1.3448,47.88,28.73,40.0,149,4280.77,35.81,HOLD
717995011,Hoodie,-1.2796,50.85,30.51,40.0,78,2379.78,29.11,HOLD
719220001,Trousers,-1.136,33.13,19.88,40.0,173,3439.24,28.55,HOLD
719940001,Trousers,-1.1451,38.5,23.1,40.0,55,1270.5,24.88,HOLD
720504003,Trousers,-1.1008,32.89,19.73,40.0,191,3768.43,26.43,HOLD
721368001,Trousers,-1.1306,41.17,24.7,40.0,128,3161.6,23.93,HOLD
721427005,Trousers,-1.1223,33.78,20.27,40.0,102,2067.54,26.35,HOLD
721460002,Hoodie,-1.2799,50.91,30.55,40.0,61,1863.55,29.37,MONITOR
721609001,Trousers,-1.0624,39.16,23.5,40.0,113,2655.5,20.23,HOLD
722656002,T-shirt,-1.6409,18.2,10.92,40.0,157,1714.44,89.27,HOLD
723478001,Hoodie,-1.2986,44.04,26.42,40.0,69,1822.98,32.39,HOLD
724301006,T-shirt,-1.603,16.77,10.06,40.0,226,2273.56,89.48,HOLD
724984004,T-shirt,-1.6374,18.1,10.86,40.0,152,1650.72,89.08,IMMEDIATE
725038005,T-shirt,-1.6127,20.79,12.47,40.0,196,2444.12,80.55,HOLD
727158002,Trousers,-1.0748,32.46,19.48,40.0,81,1577.88,24.66,MONITOR
730609002,T-shirt,-1.6189,20.22,12.13,40.0,77,934.01,80.66,HOLD
730687001,Hoodie,-1.3107,49.64,29.78,40.0,84,2501.52,32.93,MONITOR
730687007,Hoodie,-1.3324,42.76,25.66,40.0,148,3797.68,36.88,HOLD
733029001,T-shirt,-1.6054,19.23,11.54,40.0,108,1246.32,81.83,IMMEDIATE
733254001,T-shirt,-1.6089,16.93,10.16,40.0,140,1422.4,88.86,HOLD
733461001,Hoodie,-1.3053,45.02,27.01,40.0,70,1890.7,33.93,HOLD
734305001,Trousers,-1.0907,39.58,23.75,40.0,160,3800.0,21.93,HOLD
734461004,Hoodie,-1.3194,46.79,28.07,40.0,188,5277.16,34.22,HOLD
734566001,T-shirt,-1.6078,18.31,10.99,40.0,209,2296.91,85.98,HOLD
735357003,T-shirt,-1.6386,19.8,11.88,40.0,131,1556.28,84.32,HOLD
735749019,T-shirt,-1.6111,20.21,12.13,40.0,120,1455.6,80.71,MONITOR
736037002,T-shirt,-1.6075,20.35,12.21,40.0,209,2551.89,80.96,HOLD
736102001,Trousers,-1.0932,35.93,21.56,40.0,127,2738.12,23.76,HOLD
736198019,T-shirt,-1.6346,18.28,10.97,40.0,216,2369.52,88.18,HOLD
737948003,Trousers,-1.1187,36.14,21.68,40.0,131,2840.08,25.79,HOLD
738010006,T-shirt,-1.6133,20.24,12.14,40.0,150,1821.0,81.23,HOLD
738713029,Hoodie,-1.3073,43.96,26.38,40.0,122,3218.36,33.83,MONITOR
738713036,Hoodie,-1.3671,52.46,31.48,40.0,68,2140.64,35.26,HOLD
738713039,Hoodie,-1.3082,48.33,29.0,40.0,101,2929.0,32.62,HOLD
739092020,Hoodie,-1.2845,48.25,28.95,40.0,136,3937.2,30.81,HOLD
739092032,Hoodie,-1.3327,52.47,31.48,40.0,73,2298.04,33.41,IMMEDIATE
740330002,Trousers,-1.1443,36.94,22.16,40.0,82,1817.12,26.24,HOLD
740412001,Hoodie,-1.2773,45.17,27.1,40.0,149,4037.9,31.52,HOLD
741191016,Trousers,-1.1192,40.12,24.07,40.0,122,2936.54,23.71,HOLD
741197002,T-shirt,-1.6216,19.88,11.93,40.0,180,2147.4,82.58,HOLD
741971001,Hoodie,-1.2991,47.56,28.54,40.0,130,3710.2,32.75,MONITOR
741971002,Hoodie,-1.2925,50.01,30.01,40.0,90,2700.9,30.23,HOLD
743905001,Trousers,-1.1054,39.55,23.73,40.0,58,1376.34,23.23,HOLD
744109006,T-shirt,-1.5849,16.67,10.0,40.0,251,2510.0,88.21,HOLD
744109015,T-shirt,-1.6067,18.72,11.23,40.0,209,2347.07,84.82,HOLD
744529001,Trousers,-1.1073,33.57,20.14,40.0,169,3403.66,26.59,HOLD
744645001,Trousers,-0.9857,34.69,20.81,40.0,74,1539.94,17.61,HOLD
745550002,Trousers,-1.1171,34.31,20.59,40.0,183,3767.97,26.11,HOLD
746308010,T-shirt,-1.6425,18.32,10.99,40.0,196,2154.04,88.67,HOLD
746863001,Trousers,-1.0992,32.77,19.66,40.0,210,4128.6,26.35,HOLD
747634002,Trousers,-1.124,39.16,23.5,40.0,131,3078.5,24.32,HOLD
749615009,Trousers,-1.15,36.69,22.01,40.0,89,1958.89,26.19,IMMEDIATE
750330003,Trousers,-1.09,35.45,21.27,40.0,193,4105.11,23.94,HOLD
750488002,Hoodie,-1.2934,50.15,30.09,40.0,172,5175.48,31.37,HOLD
752814004,Trousers,-1.1637,32.36,19.42,40.0,88,1708.96,29.98,HOLD
753032004,Hoodie,-1.3142,43.01,25.81,40.0,146,3768.26,34.92,HOLD
753210002,T-shirt,-1.5975,17.23,10.34,40.0,92,951.28,86.75,IMMEDIATE
753866003,Hoodie,-1.3218,48.39,29.03,40.0,167,4848.01,34.11,HOLD
754370005,Hoodie,-1.2676,52.14,31.28,40.0,89,2783.92,28.13,MONITOR
754697018,Hoodie,-1.2624,47.3,28.38,40.0,62,1759.56,28.62,IMMEDIATE
754701001,Trousers,-1.0996,33.65,20.19,40.0,203,4098.57,25.8,HOLD
755566001,T-shirt,-1.6076,16.58,9.95,40.0,286,2845.7,90.98,HOLD
757206005,T-shirt,-1.548,19.65,11.79,40.0,101,1190.79,76.43,IMMEDIATE
757813003,T-shirt,-1.6236,18.85,11.31,40.0,183,2069.73,85.79,HOLD
757871002,T-shirt,-1.5848,19.18,11.51,40.0,213,2451.63,81.31,HOLD
758982004,Hoodie,-1.3135,50.69,30.41,40.0,178,5412.98,32.78,HOLD
759725002,Hoodie,-1.3168,52.21,31.33,40.0,176,5514.08,32.33,HOLD
760143010,T-shirt,-1.6462,17.98,10.79,40.0,122,1316.38,89.35,HOLD
761221001,Hoodie,-1.2762,48.92,29.35,40.0,97,2846.95,29.66,HOLD
761310004,T-shirt,-1.5988,18.69,11.21,40.0,138,1546.98,84.11,HOLD
761323002,T-shirt,-1.5947,17.82,10.69,40.0,189,2020.41,85.48,HOLD
761634002,Hoodie,-1.3175,40.44,24.26,40.0,141,3420.66,36.85,HOLD
762173002,Hoodie,-1.3157,51.83,31.1,40.0,162,5038.2,32.18,HOLD
762174002,Hoodie,-1.3192,42.02,25.21,40.0,227,5722.67,36.03,HOLD
765734002,Trousers,-1.0962,37.69,22.61,40.0,159,3594.99,23.36,HOLD
766041001,Trousers,-1.1244,38.02,22.81,40.0,76,1733.56,24.63,HOLD
766404003,Trousers,-1.1173,33.33,20.0,40.0,79,1580.0,26.41,HOLD
766453003,T-shirt,-1.6131,18.7,11.22,40.0,193,2165.46,84.8,HOLD
767090001,Trousers,-1.0962,34.74,20.84,40.0,119,2479.96,25.13,HOLD
767116002,T-shirt,-1.6112,18.03,10.82,40.0,182,1969.24,87.0,HOLD
767181006,T-shirt,-1.6155,20.61,12.37,40.0,145,1793.65,79.95,HOLD
767868001,T-shirt,-1.638,17.2,10.32,40.0,147,1517.04,91.23,HOLD
768440003,T-shirt,-1.6322,18.35,11.01,40.0,197,2168.97,87.38,HOLD
769729004,Hoodie,-1.3079,47.55,28.53,40.0,161,4593.33,32.7,HOLD
769729005,Hoodie,-1.3171,41.73,25.04,40.0,174,4356.96,36.05,HOLD
772373003,Trousers,-1.1164,34.59,20.75,40.0,102,2116.5,25.83,MONITOR
775624002,Trousers,-1.1322,41.46,24.88,40.0,99,2463.12,23.14,HOLD
778285001,Trousers,-1.0969,37.58,22.55,40.0,134,3021.7,22.95,HOLD
779612005,Trousers,-1.1291,33.13,19.88,40.0,105,2087.4,28.28,MONITOR
779909004,T-shirt,-1.6257,16.85,10.11,40.0,98,990.78,90.85,HOLD
782592006,T-shirt,-1.5877,17.93,10.76,40.0,141,1517.16,84.24,HOLD
782727001,Hoodie,-1.3325,48.16,28.9,40.0,73,2109.7,34.78,HOLD
782880006,Hoodie,-1.3095,51.03,30.62,40.0,101,3092.62,31.77,HOLD
783335016,T-shirt,-1.5965,20.37,12.22,40.0,106,1295.32,79.58,HOLD
784245004,Trousers,-1.0776,39.85,23.91,40.0,86,2056.26,20.46,MONITOR
789629002,Trousers,-1.1003,35.16,21.1,40.0,87,1835.7,24.22,HOLD
791006002,Trousers,-1.1119,35.94,21.56,40.0,135,2910.6,24.69,HOLD
791486001,Hoodie,-1.368,49.92,29.95,40.0,82,2455.9,36.02,HOLD
791486009,Hoodie,-1.2986,40.47,24.28,40.0,238,5778.64,35.21,HOLD
791488011,T-shirt,-1.672,20.19,12.11,40.0,124,1501.64,86.68,HOLD
791492003,T-shirt,-1.6069,17.86,10.72,40.0,249,2669.28,86.57,HOLD
791492008,T-shirt,-1.6648,20.02,12.01,40.0,126,1513.26,86.6,HOLD
791987002,Hoodie,-1.3004,45.59,27.35,40.0,91,2488.85,33.14,IMMEDIATE
792071002,Trousers,-1.1091,41.25,24.75,40.0,149,3687.75,22.17,HOLD
793685001,T-shirt,-1.6056,17.97,10.78,40.0,224,2414.72,86.1,HOLD
795157003,Hoodie,-1.2945,46.38,27.83,40.0,135,3757.05,32.36,HOLD
796210010,Trousers,-1.0873,36.36,21.82,40.0,160,3491.2,23.5,HOLD
796569006,T-shirt,-1.6016,16.12,9.67,40.0,179,1730.93,92.15,HOLD
796671004,Trousers,-1.1081,32.73,19.64,40.0,190,3731.6,27.07,HOLD
796971001,Trousers,-1.1174,32.11,19.27,40.0,207,3988.89,28.22,HOLD
798011001,T-shirt,-1.6903,19.33,11.6,40.0,234,2714.4,90.75,HOLD
798579002,Trousers,-1.1129,32.91,19.75,40.0,134,2646.5,27.24,HOLD
799209002,Hoodie,-1.4285,45.33,27.2,40.0,74,2012.8,41.48,MONITOR
799365015,Trousers,-1.1472,40.1,24.06,40.0,104,2502.24,25.47,HOLD
801219001,Hoodie,-1.2589,45.13,27.08,40.0,81,2193.48,29.73,MONITOR
801267001,Trousers,-1.0663,34.96,20.98,40.0,79,1657.42,22.71,HOLD
801730022,Trousers,-1.0824,40.38,24.23,40.0,135,3271.05,21.0,HOLD
802482001,T-shirt,-1.6404,20.87,12.52,40.0,64,801.28,80.93,HOLD
802896003,Trousers,-1.0931,32.81,19.69,40.0,193,3800.17,25.54,HOLD
803255005,Trousers,-1.0698,33.8,20.28,40.0,124,2514.72,23.71,HOLD
803366002,Hoodie,-1.2941,47.52,28.51,40.0,176,5017.76,32.32,HOLD
805000007,Hoodie,-1.2964,50.56,30.34,40.0,164,4975.76,31.04,HOLD
805000008,Hoodie,-1.3502,43.81,26.29,40.0,85,2234.65,36.67,HOLD
805541003,Hoodie,-1.2808,47.17,28.3,40.0,148,4188.4,31.62,HOLD
805709004,T-shirt,-1.6496,17.73,10.64,40.0,195,2074.8,91.68,HOLD
805859002,Hoodie,-1.2792,42.04,25.22,40.0,124,3127.28,32.59,MONITOR
805860002,Hoodie,-1.3617,51.22,30.73,40.0,74,2274.02,35.61,HOLD
805923009,Trousers,-1.0242,35.96,21.58,40.0,141,3042.78,19.4,HOLD
805926004,Trousers,-1.1168,40.78,24.47,40.0,137,3352.39,22.62,HOLD
806155003,Hoodie,-1.3149,51.85,31.11,40.0,121,3764.31,32.15,HOLD
810172005,Trousers,-1.0785,37.12,22.27,40.0,180,4008.6,22.49,HOLD
810172015,Trousers,-1.1833,41.97,25.18,40.0,73,1838.14,26.88,HOLD
811278003,T-shirt,-1.5783,17.54,10.52,40.0,174,1830.48,84.67,HOLD
811404003,T-shirt,-1.6116,20.71,12.43,40.0,175,2175.25,80.3,HOLD
811993025,Trousers,-1.1142,34.03,20.42,40.0,146,2981.32,26.23,HOLD
813051009,T-shirt,-1.5874,19.99,11.99,40.0,90,1079.1,79.98,HOLD
813519007,Hoodie,-1.3153,49.58,29.75,40.0,154,4581.5,32.7,HOLD
813804015,T-shirt,-1.5927,19.7,11.82,40.0,108,1276.56,80.69,HOLD
814512006,Hoodie,-1.283,43.79,26.27,40.0,202,5306.54,32.98,HOLD
814741001,T-shirt,-1.6223,17.34,10.4,40.0,181,1882.4,90.27,MONITOR
815669002,Trousers,-1.1123,41.77,25.06,40.0,164,4109.84,22.69,HOLD
816586010,Hoodie,-1.3409,44.52,26.71,40.0,144,3846.24,36.07,HOLD
816598004,Hoodie,-1.3106,47.96,28.78,40.0,144,4144.32,33.0,HOLD
816598008,Hoodie,-1.3293,45.56,27.34,40.0,65,1777.1,35.49,HOLD
817166007,T-shirt,-1.5922,19.0,11.4,40.0,117,1333.8,82.37,MONITOR
818768005,Hoodie,-1.3729,48.77,29.26,40.0,74,2165.24,36.4,HOLD
820499002,Trousers,-1.1261,35.88,21.53,40.0,167,3595.51,26.41,HOLD
820853006,T-shirt,-1.5997,20.56,12.34,40.0,199,2455.66,79.72,HOLD
821421001,T-shirt,-1.6244,19.16,11.5,40.0,222,2553.0,85.15,HOLD
823066002,Hoodie,-1.3089,50.67,30.4,40.0,181,5502.4,32.13,HOLD
823066006,Hoodie,-1.3396,42.11,25.27,40.0,95,2400.65,37.57,IMMEDIATE
823328001,Trousers,-1.0842,39.43,23.66,40.0,118,2791.88,21.73,HOLD
823420001,Trousers,-1.192,36.43,21.86,40.0,60,1311.6,29.06,HOLD
824628002,T-shirt,-1.6133,18.28,10.97,40.0,252,2764.44,85.92,HOLD
825107001,Trousers,-1.1377,34.5,20.7,40.0,155,3208.5,27.55,HOLD
825642001,T-shirt,-1.5902,19.1,11.46,40.0,130,1489.8,81.42,HOLD
825720001,T-shirt,-1.5537,20.25,12.15,40.0,75,911.25,75.93,HOLD
825797004,Trousers,-1.1289,35.08,21.05,40.0,190,3999.5,26.8,HOLD
826941001,T-shirt,-1.6004,17.87,10.72,40.0,104,1114.88,86.23,MONITOR
826942004,Hoodie,-1.3052,51.42,30.85,40.0,93,2869.05,31.31,HOLD
827480002,Hoodie,-1.3197,46.24,27.74,40.0,194,5381.56,34.51,HOLD
829962002,T-shirt,-1.5878,18.23,10.94,40.0,173,1892.62,84.13,HOLD
832820002,T-shirt,-1.6243,18.92,11.35,40.0,105,1191.75,85.19,HOLD
834021005,T-shirt,-1.7615,19.14,11.48,40.0,105,1205.4,97.49,HOLD
834989001,Hoodie,-1.297,46.09,27.65,40.0,162,4479.3,32.43,HOLD
835376002,Trousers,-1.1002,37.28,22.37,40.0,180,4026.6,23.61,HOLD
835635001,Hoodie,-1.3027,51.74,31.04,40.0,169,5245.76,31.55,HOLD
837811001,Trousers,-1.0843,41.35,24.81,40.0,121,3002.01,20.44,HOLD
838726006,Trousers,-1.0913,35.9,21.54,40.0,120,2584.8,23.73,IMMEDIATE
840505006,Hoodie,-1.2906,44.44,26.66,40.0,179,4772.14,32.79,HOLD
840505013,Hoodie,-1.2684,42.91,25.75,40.0,164,4223.0,32.21,HOLD
842761004,T-shirt,-1.6067,16.08,9.65,40.0,163,1572.95,92.18,HOLD
842761008,T-shirt,-1.639,20.66,12.4,40.0,214,2653.6,82.66,HOLD
843457003,Hoodie,-1.3051,49.04,29.42,40.0,175,5148.5,32.51,HOLD
844080003,Hoodie,-1.3029,40.45,24.27,40.0,107,2596.89,35.97,IMMEDIATE
847100001,T-shirt,-1.6136,17.61,10.57,40.0,170,1796.9,87.54,HOLD
847100004,T-shirt,-1.6064,16.82,10.09,40.0,265,2673.85,89.73,HOLD
850536001,Trousers,-1.1192,40.11,24.07,40.0,104,2503.28,23.36,HOLD
851133001,Hoodie,-1.3094,48.04,28.82,40.0,171,4928.22,32.75,HOLD
851726003,Hoodie,-1.3201,44.27,26.56,40.0,188,4993.28,35.19,HOLD
851726004,Hoodie,-1.3076,47.64,28.58,40.0,142,4058.36,33.03,HOLD
857625002,T-shirt,-1.6144,20.11,12.07,40.0,205,2474.35,82.02,HOLD
860711001,Hoodie,-1.3305,50.77,30.46,40.0,144,4386.24,33.89,HOLD
860867002,Trousers,-1.1272,33.75,20.25,40.0,115,2328.75,27.12,MONITOR
862105003,Hoodie,-1.3198,43.53,26.12,40.0,170,4440.4,35.21,HOLD
862106002,Trousers,-1.1451,36.57,21.94,40.0,138,3027.72,27.13,HOLD
863853001,Trousers,-1.0787,34.37,20.62,40.0,91,1876.42,22.99,IMMEDIATE
865033001,Trousers,-1.1315,40.14,24.08,40.0,57,1372.56,24.61,HOLD
865776002,Hoodie,-1.3086,48.73,29.24,40.0,154,4502.96,32.97,HOLD
866265001,Trousers,-1.0942,39.82,23.89,40.0,145,3464.05,22.36,HOLD
866724001,T-shirt,-1.5732,20.71,12.43,40.0,69,857.67,76.58,HOLD
867322001,Trousers,-1.1579,35.05,21.03,40.0,140,2944.2,28.18,HOLD
868499001,T-shirt,-1.5923,18.15,10.89,40.0,130,1415.7,83.88,HOLD
869872002,Hoodie,-1.2892,50.42,30.25,40.0,181,5475.25,30.8,HOLD
870526009,T-shirt,-1.5956,16.85,10.11,40.0,212,2143.32,88.86,HOLD
871281005,T-shirt,-1.5876,18.53,11.12,40.0,233,2590.96,82.81,HOLD
871672001,Trousers,-1.1273,39.28,23.57,40.0,161,3794.77,24.18,HOLD
871889005,Trousers,-1.1146,41.2,24.72,40.0,51,1260.72,22.59,MONITOR
872266001,Trousers,-1.1269,36.88,22.13,40.0,101,2235.13,25.54,HOLD
872628001,Trousers,-1.0709,39.61,23.77,40.0,77,1830.29,19.96,HOLD
872971005,T-shirt,-1.6103,20.98,12.59,40.0,197,2480.23,79.06,HOLD
872991002,Hoodie,-1.3316,51.72,31.03,40.0,136,4220.08,33.5,HOLD
873132013,Trousers,-1.0251,35.13,21.08,40.0,65,1370.2,18.99,HOLD
874122005,T-shirt,-1.6471,19.97,11.98,40.0,92,1102.16,84.05,HOLD
874622002,Hoodie,-1.3115,40.74,24.44,40.0,189,4619.16,36.02,HOLD
875915002,T-shirt,-1.6408,20.68,12.41,40.0,97,1203.77,83.27,HOLD
875922002,Trousers,-1.103,41.35,24.81,40.0,94,2332.14,21.28,IMMEDIATE
876204006,Trousers,-1.0938,38.45,23.07,40.0,157,3621.99,22.81,HOLD
877744002,Trousers,-1.1085,41.72,25.03,40.0,139,3479.17,22.43,HOLD
881125002,Hoodie,-1.3862,48.03,28.82,40.0,64,1844.48,36.66,HOLD
882882005,Trousers,-1.0764,38.55,23.13,40.0,143,3307.59,21.25,HOLD
882900013,Trousers,-1.1012,39.79,23.87,40.0,147,3508.89,22.57,HOLD
885827002,Trousers,-1.0731,37.94,22.76,40.0,100,2276.0,21.61,HOLD
886179001,Hoodie,-1.2921,47.71,28.63,40.0,87,2490.81,32.23,MONITOR
887659010,T-shirt,-1.6346,20.57,12.34,40.0,131,1616.54,82.56,MONITOR
887949002,Trousers,-1.0581,38.9,24.77,36.3,58,1436.66,19.16,MONITOR
888207004,T-shirt,-1.6327,20.51,12.31,40.0,82,1009.42,81.13,HOLD
888732003,T-shirt,-1.621,16.36,9.82,40.0,267,2621.94,92.77,HOLD
888732004,T-shirt,-1.6488,18.6,11.16,40.0,178,1986.48,88.42,HOLD
889844002,Hoodie,-1.2855,40.16,24.1,40.0,90,2169.0,33.99,HOLD
890035001,Trousers,-1.1286,33.06,19.84,40.0,199,3948.16,28.13,HOLD
890684001,T-shirt,-1.6645,18.95,11.37,40.0,168,1910.16,89.25,HOLD
892823002,T-shirt,-1.6126,20.5,12.3,40.0,170,2091.0,80.23,HOLD
893795001,Trousers,-1.0793,39.7,23.82,40.0,65,1548.3,19.87,IMMEDIATE
897655002,Trousers,-1.1149,32.55,20.13,38.2,82,1650.66,26.64,MONITOR
897730004,Trousers,-1.1165,34.08,20.45,40.0,155,3169.75,26.37,HOLD
898596002,Trousers,-1.0817,39.72,24.56,38.2,79,1940.24,20.86,MONITOR
900237002,Trousers,-1.1074,33.73,20.24,40.0,147,2975.28,25.76,HOLD
900422001,Trousers,-1.0869,37.38,22.43,40.0,137,3072.91,22.62,HOLD
903211001,Trousers,-1.0933,33.98,20.39,40.0,164,3343.96,25.23,HOLD
903459003,Trousers,-1.0891,36.39,21.83,40.0,106,2313.98,23.34,HOLD
916058001,Trousers,-1.0897,39.94,23.96,40.0,123,2947.08,21.28,HOLD
916058002,Trousers,-1.1103,34.62,20.77,40.0,195,4050.15,25.69,HOLD
917297004,Hoodie,-1.3325,43.83,26.3,40.0,102,2682.6,35.6,MONITOR
920740001,Hoodie,-1.2844,47.9,28.74,40.0,73,2098.02,31.31,HOLD
925666003,Hoodie,-1.2954,44.34,26.6,40.0,112,2979.2,33.26,HOLD
926825001,Trousers,-1.105,41.87,25.12,40.0,147,3692.64,21.71,HOLD
931769004,Trousers,-1.0307,41.89,25.91,38.2,59,1528.69,17.02,HOLD
